trade_name,active_ingredients
SHIFATRYPTIL-25 CTD TAB.,Amitriptyline Hydrochloride
DIGOXIN-SHIFA TAB.,Digoxin
PRIMEXANE CHEW.TAB.,Metoclopramide Hydrochloride + Dimethicone
SIMICON CHEW TAB.,Simethicone
Feno 300mg Capsules,undefined
OXSORAL CAP.,Methoxsalen
Tobra 20mg Ampoules,Tobramycin
Tobra 40mg Ampoules,Tobramycin
TOBRA-80 AMP.,Tobramycin
PHELDIN SHIFA AMP.,Piroxicam
Genta 20mg Ampoules,Gentamicin
LINCO 300 AMP.,Lincomycin Hydrochloride
Linco 3 Ampoules 600mg,Lincomycin Hydrochloride
AMIKA-100 AMP.,Amikacin
Amika 5 Ampoules 500mg,Amikacin
Diclorezim 75mg Amp 5 Ampoules,undefined
DOLODOL AMP.,Tramadol Hydrochloride
Nestagmin 0.5mg 5 Ampoules,Neostigmine
CIMETIDINE AMP.,Cimetidine
BECOVIT AMP.,Thiamine + Riboflavin + Pyridoxine + Nicotinamide + Cyanocobalamin + Dexpanthenol + Biotin
SHIFAMOL-150 AMP.,Paracetamol
NEW TUSSIL,Chlorpheniramine Maleate + Bromhexine + Guaifenesin
AZITRO-200 DRY SYRUP,Azithromycin
LINCO-250 SYRUP,Lincomycin Hydrochloride
Lora 125ml Syrup 5mg,Loratadine
Velodin 60ml Syrup 125mg,Cephradine
VELODIN-250 DRY SYRUP,Cephradine
MINAVITE SYRUP,Thiamine + Riboflavin + Pyridoxine + Vitamin B12 + Nicotinamide + Ascorbic Acid + Calcium Pantothenate
MINAVIT-M SYRUP,Thiamine + Riboflavin + Pyridoxine + Vitamin B12 + Nicotinamide + Calcium Pantothenate + Ascorbic Acid + Magnesium + Iron
Cefocef 60ml Syrup 250mg,Cefadroxil
CEFACLOR SHIFA-250 DRY SYRUP,Cefaclor
CEFACLOR SHIFA-125 DRY SYRUP,Cefaclor
IBUPROF SUSP.,Ibuprofen
AZITRO-100 DRY SYRUP,Azithromycin
Dexpanthenol 500mg 5 ampoules,Dexpanthenol
Ibuprofen 600mg 20 tablets,Ibuprofen
FLUKNAZOL-200 CAP.,Fluconazole
FLUKNAZOL-50 CAP.,Fluconazole
MUCOLAR CAP.,Carbocysteine
UTOPRIN-10 TAB.,Ritodrine Hydrochloride
DE-HISTAMINE TAB.,Loratadine
Tizanidine 2mg tablets,Tizanidine Hydrochloride
Norvek 5mg,Amlodipine Besylate
ELSANTIN 75 CTD TAB.,Dipyridamole
DE-PAIN 4 TAB.,Tizanidine Hydrochloride
ELSANTIN 25 CTD TAB.,Dipyridamole
LOSARTAN 50 20tab,Losartan Potassium
URI-TAC CTD TAB.,Flavoxate Hydrochloride
Trazodone 150mg tablets,Trazodone
Trazodone,Trazodone
FRUMILINE-40 TAB.,Furosemide + Amiloride Hydrochloride
CAVINTINE TAB.,Vinpocetine
DE-VOMIT TAB.,Ondansetron Hydrochloride
De Spasm,Mebeverine Hydrochloride
URIFLOX TAB.,Norfloxacin
PREDLONE-20 TAB.,Prednisolone
TRANQUIL-5 CAP.,Clorazepate Dipotassium
PRAVASTATIN-10 TAB.,Pravastatin
WARFINE-2 TAB.,Warfarin Sodium
WARFINE-5 TAB.,Warfarin Sodium
PRAVASTATIN-40 TAB.,Pravastatin
TERBINA-250 TAB.,Terbinafine Hydrochloride
Terbina 1% Cream,Terbinafine Hydrochloride
BISMUL CTD TAB.,Bismuth Subcitrate
GLYCON TAB.,Gliclazide
S-PRIN-325 CTD TAB.,Acetylsalicylic Acid
S-PRIN-100 CTD TAB.,Acetylsalicylic Acid
CEPROZ-750 CTD TAB.,Ciprofloxacin Hydrochloride
CEPROZ-500 CTD TAB.,Ciprofloxacin Hydrochloride
PROCTO-SID CREAM,Tribenoside + Lidocaine Hydrochloride
Beclozole Cream 15g,Beclomethasone Dipropionate + Neomycin Sulfate + Miconazole Nitrate
DE-FLAM ORAL RINSE,Benzydamine Hydrochloride
LACTOXAME PLUS DRY SYRUP,Ampicillin + Cloxacillin + Lactobacillus
DE-HISTAMINE SYRUP,Loratadine
MUCOLAR SUSP.,Carbocysteine
AMPICTAM-3 VIAL,Ampicillin + Sulbactam
AMPICTAM-1.5 VIAL,Ampicillin + Sulbactam
Prednisolone Syrup 100ml,Prednisolone Sodium Phosphate
ALSAPEN-3 VIAL,Benzylpenicillin Sodium
ALSAPEN-1 VIAL,Benzylpenicillin Sodium
ROSS-250 VIAL,Ceftriaxone Sodium
ROSS-2000 VIAL,Ceftriaxone Sodium
ROSS-1000 VIAL,Ceftriaxone Sodium
FLUKNAZOL DRY SYRUP,Fluconazole
DE-VOMIT SYRUP,Ondansetron Hydrochloride
CLAVOXIL-312 DRY SYRUP,Amoxicillin + Clavulanic Acid
كلافوكسيل شراب  228ملغ,Amoxicillin + Clavulanic Acid
ROSS-500 VIAL,Ceftriaxone Sodium
3-CIF-500 VIAL,Cefotaxime Sodium
3-CIF-1000 VIAL,Cefotaxime Sodium
3-CIF 2000 VIAL,Cefotaxime Sodium
مكسيم  1000ملغ فيال,Ampicillin + Cloxacillin
مكسيم  500ملغ فيال,Ampicillin + Cloxacillin
امبي السعد  1غ  فيال,Ampicillin Sodium
AMPICTAM-750 VIAL,Ampicillin + Sulbactam
امبي السعد  500ملغ  فيال,Ampicillin Sodium
CLAMOXE-457 DRY SYRUP,Amoxicillin + Clavulanic Acid
CLAMOXE-312 DRY SYRUP,Amoxicillin + Clavulanic Acid
CLAMOXE-156 DRY SYRUP,Amoxicillin + Clavulanic Acid
FLAMOXINE DRY SYRUP,Amoxicillin + Flucloxacillin
OSPENINE-400 DRY SYRUP,Phenoxymethylpenicillin Potassium
OSPENINE-400 DRY SYRUP,Phenoxymethylpenicillin Potassium
امبيكلوكسين 250 ملغ شراب  100 مل,Ampicillin + Cloxacillin
HYPOSAR-M 50 CTD TAB.,Losartan
HYPOSAR-L 25 CTD TAB.,Losartan
OSPENINE-500 TAB.,Phenoxymethylpenicillin Potassium
SULINDEX-200 TAB.,Sulindac
PREVACORE-10 TAB.,Pravastatin
PREVACORE-20 TAB.,Pravastatin
FLAMOXINE CAP.,Amoxicillin + Flucloxacillin
ROZIFINE 250 MG VIAL,Ceftriaxone
CLAMOXE-1000 CTD TAB.,Amoxicillin + Clavulanic Acid
CLAMOXE-625 CTD TAB.,Amoxicillin + Clavulanic Acid
LEVOFLOX-500 CTD TAB.,Levofloxacin
LEVOFLOX-250 CTD TAB.,Levofloxacin
MEDIOFURYL SUSP.,Nifuroxazide
Elcomed Ointment 20 g,Mometasone Furoate
BROMHEXINE ORAL SOLU.,Bromhexine
CYPROHEPTADINE SYRUP,Cyproheptadine
MECOZALEN POWDER,Miconazole Nitrate
MAFENOL CREAM,Mafenide Acetate
DIPODERM OINT.,Betamethasone Dipropionate
Gentamicin Cream,Gentamicin
GENTAMED OINT.,Gentamicin
ELCOMED CREAM,Mometasone Furoate
ASMANOL-2.5 TAB.,Terbutaline Sulfate
ASMANOL TAB.,Terbutaline Sulfate
BELORAMINE SYRUP,Chlorpheniramine Maleate
N.T.A.,Antazoline Sulfate + Naphazoline Nitrate
RHEUMATISM-STOP GEL,Diclofenac
ASMANOL SYRUP,Terbutaline Sulfate
ROXI GEL,Piroxicam
VENOTONE-300 CAP.,Troxerutin
INDOGEL GEL,Indomethacin
VENOGEL GEL,Troxerutin
MECOZALEN CREAM,Miconazole Nitrate
DIPODERM CREAM,Betamethasone Dipropionate
TETRADERM CREAM,Betamethasone Valerate + Gentamicin Sulfate + Clioquinol + Tolnaftate
PROCTOVASIN OINT.,Troxerutin + Butoform
BELORAMINE TAB.,Chlorpheniramine Maleate
HYDRAMINE TAB.,Dimenhydrinate
GILOBA CTD TAB.,Ginkgo Biloba Extract
MECOZALEN ORAL GEL,Miconazole
MEDIOFURYL CAP.,Nifuroxazide
MEDIORAN CTD TAB.,Metoclopramide Hydrochloride
Motalon 60mg 6 Suppositories Adult,Domperidone
MOTALON-30 SUPP.,Domperidone
MOTALON-10 CTD TAB.,Domperidone
IMOCINE CAP.,Loperamide Hydrochloride
PROCTO VASINE SUPP.,Troxerutin + Butoform
CYPROHEPTADINE TAB.,Cyproheptadine Hydrochloride
DIPODERM OINT.,Betamethasone Dipropionate
DIPODERM CREAM,Betamethasone Dipropionate
MECOZALEN VAGINAL CREAM,Miconazole Nitrate
Isis Sunscreen 100,undefined
Isis Sunscreen 45,undefined
Unitone SPF 45,undefined
Unitone Extra,undefined
Glyco A 15% 30g,undefined
Glyco A Milk Makeup Remover 200ml,undefined
Glyco A Liquid Foaming Cleanser 100g Small,undefined
Glyco A Moisturizing Cream 30g,undefined
Aminsil Gel Slimming Anti Sagging,undefined
Glycoderm Acne 50g,undefined
Ruboril Cream for Rosacea,undefined
Dolopan Oral Drops 15ml Ra,Hyoscine
Ciprosin 10 Tablets 250mg,Ciprofloxacin
TENSIOPRIL-50 TAB.,Captopril
ديميترول حبوب  را,Amitriptyline Hydrochloride + Chlordiazepoxide
REPAX 30 CAPSULE,undefined
PARACETOL 125MG SUPPOSITORY FOR INFANTS,Paracetamol
MIMEX DROPS,Carbazochrome Sodium Sulfonate
SOLFER DROPS,Iron Choline Citrate
CHLOROQUINE PHOSPHATE SYRUP,Chloroquine Phosphate
GRIPE WATER 120ML,Dill Oil + Sodium Bicarbonate
MAGIGEL SUSP.,Aluminum Hydroxide + Magnesium Hydroxide + Oxethazaine
SINE OFF SYRUP 100ML,Chlorpheniramine Maleate + Phenylephrine Hydrochloride
AIRONAL SYRUP,Terbutaline Sulfate
NEOCOFLIN SYRUP,Chlorpheniramine Maleate + Phenylephrine Hydrochloride + Noscapine
CEVIMAG DROPS,Ascorbic Acid
PECTOFEN SYRUP,Diphenhydramine Hydrochloride + Ammonium Chloride + Sodium Citrate
CHLORAPHEN SYRUP,undefined
CETAPAR SYRUP,Paracetamol
B COMPLEX VIT SYRUP,undefined
METRONIDAZOL SUSP.,Metronidazole
Theophylline Syrup,Theophylline + Guaifenesin
Laxalac 200ml Syrup,Lactulose
Naligram 300mg Syrup,Nalidixic Acid
Glucostop 500mg 50 Tab,Metformin Hydrochloride
Glucostop 850mg 30 Tab,Metformin Hydrochloride
Kipril 20 Caps,undefined
Indocron SR Caps,Indomethacin
Ativam 20 Tab 1mg,Lorazepam
Flucozol 10 Caps 150mg,Fluconazole
Flucozol 200mg 10 Caps,Fluconazole
Pentoral 30 Tab 100mg,Pentoxifylline
Pentoral 30 Tab 400mg,Pentoxifylline
Parkoson 2mg Tablets,Benzhexol Hydrochloride
Diogast 15mg Capsules,Lansoprazole
Gentazone Ear Drops,undefined
Didronate 400mg Tablets,Etidronate Disodium
Didronate 200mg Tablets,Etidronate Disodium
Zocor 20mg Tablets,Simvastatin
Zocor 5mg Tablets,Simvastatin
Parkoson 5mg Tablets,Benzhexol Hydrochloride
Naligram 500mg Capsules,Nalidixic Acid
Prinopril 5mg Tablets,Lisinopril
Prinopril 10mg Tablets,Lisinopril
Prinopril 20mg Tablets,Lisinopril
Progast 40mg Tablets,Pantoprazole
Oflocin 200mg Tablets,Ofloxacin
Oflocin 300mg Tablets,Ofloxacin
Oflocin 400mg Tablets,Ofloxacin
Mycoplus 10 Ovules,undefined
Diogast 20 Caps 30mg,Lansoprazole
Ativam 20 Tabs 2mg,Lorazepam
Genotri 12 Ovules,Neomycin + Polymyxin B + Nystatin
Calsilate 50 Tabs,Calcium Salts
Prostin 20 Tabs 1mg,Doxazosin
Prostin 20 Tabs 2mg,Doxazosin
Prostin 20 Tabs 4mg,Doxazosin
Chlorafen 20 Tabs,Chlorpheniramine Maleate
Zocor 10 Tabs 10mg,Simvastatin
Naligram 500mg 56 Caps,Nalidixic Acid
Amoxiclav 60ml Syrup 156mg,Amoxicillin + Clavulanic Acid
Amoxiclav 60ml Syrup 312mg,Amoxicillin + Clavulanic Acid
Amoxiclav 60ml Syrup 457mg,Amoxicillin + Clavulanic Acid
Amoxiclav 10 Tabs 625mg,Amoxicillin + Clavulanic Acid
Amoxiclav 10 Tabs 1000mg,Amoxicillin + Clavulanic Acid
CIPROXENE-250 CTD TAB.,Ciprofloxacin
CIPROXENE-500 CTD TAB.,Ciprofloxacin
CIPROXENE-750 CTD TAB.,Ciprofloxacin
DOPEGYT 250MG 30 TAB,Methyldopa
CETIRIZINE-10 CTD TAB.,Cetirizine
PROUZIAC-20 CAP.,Fluoxetine
NAPROX-250 TAB.,Naproxen
MUCOTHOL BAHRI-200 CTD TAB.,Acetylcysteine
MUCOTHOL 100MG 30 TAB,Acetylcysteine
SULCRATE SACHET,Sucralfate
GLYCIPHAGE 850MG 20 TAB,Metformin
NATRIMED CTD TAB.,Indapamide
TRONTERAL-400 CTD TAB.RETARD,Pentoxifylline
SULCRATE 1000 TAB.,Sucralfate
NAPROX 500 TAB.,Naproxen
GLYCIPHAGE-500 TAB.,Metformin
CYCLOVIRAN-200 TAB.,Acyclovir
MULTI MAGNESIUM 40 CAPS,Magnesium
DANISTOLE-80 CTD TAB.,Verapamil Hydrochloride
DANISTOLE 40MG 50 TAB,Verapamil Hydrochloride
LANSOPRAL 30MG 20 CAP HANJOUR,Lansoprazole
INDO-75 S.R. CAP.,Indomethacin
DANI-240 RETARD CTD TAB.,Verapamil Hydrochloride
HYPOPRESOR-50 CTD TAB.,Metoprolol
TILDIA-60 TAB.,Diltiazem Hydrochloride
FLAGENA 500 CTD TAB.,Secnidazole
ROMYCINE-PLUS CTD TAB.,Spiramycin + Metronidazole
LIPA-100 CAP.,Fenofibrate
ROMYCINE CTD TAB.,Spiramycin
HISTO-400 CTD TAB.,Cimetidine
HYPOPRESOR-100 CTD TAB.,Metoprolol
HYPOPRESOR PLUS-100 CTD TAB.,Hydrochlorothiazide + Metoprolol
MOBINAK CTD TAB.,Diclofenac Sodium
MINOX-50 CAP.,Minocycline
MINOX-100 CAP.,Minocycline
GUARIN SACHETS,Guar Gum
LIPA-300 CAP.,Fenofibrate
HYPOPRESOR-200 CTD TAB.,Metoprolol
MELOXI-15 TAB.,Meloxicam
MELOXI-7.5 TAB.,Meloxicam
CLARITHRO-250 CTD TAB.,Clarithromycin
Tildia 180mg 20 Capsules Retard,Diltiazem Hydrochloride
TILDIA-120 S.R.CAP.,Diltiazem Hydrochloride
Bronchophyllin 20 Tablets,undefined
KANAGENIC SACHETS,Potassium Aluminum Sulfate + Sodium Perborate
Oronal 8 Sachets,undefined
Bronchophyllin Syrup 100ml,undefined
KANA-BRAX CTD TAB.,Chlordiazepoxide + Clidinium Bromide
Kana Lax 20 Tablets,Bisacodyl
ARTIBILINE SYRUP,Artichoke Extract + Boldo Extract + Rhubarb Extract
Kanabron Syrup 100ml,undefined
Uralin Regular 10 Sachets,Sodium Bicarbonate + Tartaric Acid + Sodium Citrate + Citric Acid
Genoxin 10 Sachets,undefined
Balsam Al Qanawati Syrup,undefined
BABY CONE ORAL DROP,Simethicone
Foly Fer 50 Tablets,undefined
ZOLAMID TAB.,Acetazolamide
KARTAZOL GEL,Metronidazole
Tympanil Drops,Antipyrine + Benzocaine
Neostatin 60 ml Syrup,Nystatin
Codamera Tab,undefined
Pal Visal Tab,undefined
Prospan 5 Suppositories,Hedera Helix Leaf Extract
Prospan Drops,Hedera Helix Leaf Extract
Prospan Syrup 100ml,Hedera Helix Leaf Extract
Ginseng Forte 500mg 20 Capsules,undefined
Golden Blend Fresh 20 Tablets,undefined
MEDAX CHILDREN SUPP.,Paracetamol + Salicylamide + Diphenhydramine Hydrochloride
Medax Adult Suppositories 10,Paracetamol + Salicylamide + Diphenhydramine Hydrochloride
PASPERAN-10 SUPP.,Metoclopramide Hydrochloride
PASPERAN AD.SUPP.,Metoclopramide Hydrochloride
DOLOBUSCOMED CHILD SUPP.,Paracetamol + Hyoscine Butylbromide
Dolobuscomed 10 Suppositories for Adults,Paracetamol + Hyoscine Butylbromide
VALPROMED DROPS,Sodium Valproate
GYNOMED-200 OVULES,Clotrimazole
Gynomed 100mg 6 Ovules,Clotrimazole
SUPRACAM SUPP.,Tenoxicam
PROCTO-CINOLONE SUPP.,Fluocinolone Acetonide + Lidocaine + Bismuth Subgallate + Menthol
KETOPHEN SUPP.,Ketoprofen
Laxamid 5mg Suppositories,Bisacodyl
NEURO-VITAN CTD TAB.,Thiamine + Pyridoxine + Cyanocobalamin
LAXAMID-10 SUPP.,Bisacodyl
VOLTAMED-25 SUPP.,Diclofenac Sodium
VOLTAMED SUPP.,Diclofenac Sodium
VOLTAMED-100 SUPP.,Diclofenac Sodium
ASTOMED TAB.,Ketotifen
Medax 20 Tablets,Paracetamol + Salicylamide + Diphenhydramine Hydrochloride + Caffeine
ALCTONE-25 CTD TAB.,Spironolactone
ALCTONE-50 CTD TAB.,Spironolactone
ALCTONE-100 CTD TAB.,Spironolactone
Bromhexine 8mg 20 Tablets,Bromhexine
Ketofen 200mg Tablets,Ketoprofen
Timopectol 20 Tablets,Diphenhydramine Hydrochloride + Bromhexine Hydrochloride + Ephedrine Hydrochloride + Theophylline
URIZOL-100 TAB.,Allopurinol
PASPERAN DROPS,Metoclopramide Hydrochloride
Oticol Ear Drops,Phenazone + Lidocaine Hydrochloride + Sulfanilamide
ULTRAMOL-250 SUPP.,Paracetamol
ULTRAMOL-125 SUPP.,Paracetamol
SULPHEDRIN ADULTS NOSE DROPS,Chlorpheniramine Maleate + Naphazoline Hydrochloride
Micomed Solution 15ml,undefined
VIOCORTINE EAR DROPS,Flumethasone Pivalate + Clioquinol
URIZOL-300 TAB.,Allopurinol
Superacam 20mg 10 Tablets,Tenoxicam
VIRAMED-200 CTD TAB.,Acyclovir
VIRAMED-400 CTD TAB.,Acyclovir
DECA-VITAMIN CAP.,Thiamine + Riboflavin + Pyridoxine + Cyanocobalamin + Nicotinamide + Calcium Pantothenate + Ascorbic Acid + Vitamin A + Folic Acid + Cholecalciferol
FOLMED TAB.,Folic Acid
Captomed 25mg 20 Tablets,Captopril
CAPTOMED-50 TAB.,Captopril
PASPERAN CTD TAB.,Metoclopramide Hydrochloride
DEXAMED-1.5 TAB.,Dexamethasone
Lotan Tablets,Diphenoxylate Hydrochloride + Atropine Sulfate
DIMENHYDRINATE TAB.,Dimenhydrinate
Flora G Eye Ointment,Fluorometholone + Gentamicin
GENTADEX EYE OINT.,Dexamethasone + Gentamicin Sulfate
Tobramycin Eye Ointment,Tobramycin
Rifampicin Eye Ointment,Rifampicin
Gentamicin Eye Ointment 5g,Gentamicin
VIRAMED EYE OINT.,Acyclovir
Tetracycline Eye Ointment 5g,Tetracycline
PREDNICID EYE OINT.,Prednisolone + Sulfacetamide
Chloramexin Eye Ointment,undefined
DEXAPOLYCID EYE OINT.,Dexamethasone + Neomycin Sulfate + Gramicidin + Polymyxin B Sulfate
Prednicid Eye Drops 10ml,Prednisolone + Sulfacetamide
Fluorometholone Eye Drops 10ml,Fluorometholone
Rifampicin Eye Drops 10ml,Rifampicin
Polymyxin Eye Drops,undefined
"DEXAPOLYCID EYE,EAR,NOSE DROPS",Dexamethasone + Neomycin Sulfate + Gramicidin + Polymyxin B Sulfate
Voltamid Eye Drops 10ml,undefined
Ultraflox Eye Drops,undefined
DEXA CHLOR EYE DROP,Dexamethasone + Chloramphenicol
Medicaine Eye Drops 5ml,undefined
TOBRAMED EYE DROPS,Tobramycin
Dexamid 0.1% 10ml Oral/Nasal/Ear Drops,Dexamethasone
Gentadex 10ml drops,Dexamethasone + Gentamicin Sulfate
PREDNEPHRINE EYE DROPS,Phenylephrine Hydrochloride + Prednisolone
GENTAMYCINE EYE DROPS,Gentamicin
Flora G Eye Drops,Fluorometholone + Gentamicin
NAPHANTAN EYE DROPS,Antazoline Sulfate + Naphazoline Nitrate
VIRAMED 5% CREAM,Acyclovir
Poly Derm Cream 20g,Dexamethasone + Gentamicin + Clioquinol + Tolnaftate
VIRAMED 5% CREAM,Acyclovir
SALI-CINOLONE OINT.,Fluocinolone Acetonide + Salicylic Acid
ULTRADEX CREAM,Dexamethasone
ULTRADEX-G OINT.,Dexamethasone + Gentamicin Sulfate
Cinolon N Ointment 40g,Fluocinolone Acetonide + Neomycin Sulfate
CINOLON-N CREAM,Fluocinolone Acetonide + Neomycin Sulfate
CINOLON-N CREAM,Fluocinolone Acetonide + Neomycin Sulfate
Cinolon N Ointment 20g,Fluocinolone Acetonide + Neomycin Sulfate
ALLERGIX SYRUP,undefined
ASTOMED SYRUP,Ketotifen
BEBE COL SYRUP,Paracetamol + Diphenhydramine Hydrochloride + Sodium Benzoate + Tolu Balsam
PASPERAN SYRUP,Metoclopramide Hydrochloride
VERMOXINE TAB.,Mebendazole
KENAZOL TAB.,Ketoconazole
EUPHYLLIN TAB.,Aminophylline
CAPO-THIAZIDE TAB.,Captopril + Hydrochlorothiazide
DUVAKIN CHRONO 500MG,Sodium Valproate
DOPERIDOL-5 TAB.,Haloperidol
DOPERIDOL-10 TAB.,Haloperidol
ZADITOFEN TAB.,Ketotifen
DOGRETOLE-200 TAB.,Carbamazepine
DOGRETOLE-200 TAB.,Carbamazepine
LORATIVAN 2MG,Lorazepam
LORATIVAN 1MG,Lorazepam
CENIMED TAB.,Levodopa + Carbidopa
CENIMED TAB.,Levodopa + Carbidopa
CARDOM-1 TAB.,Doxazosin
Erythrosol Solution 2%,Erythromycin
Erythrosol Solution 4%,Erythromycin
BENOXIDE LOTION,Benzoyl Peroxide
MOGAM-5 TAB.,Nitrazepam
TIZANID-4 TAB.,Tizanidine Hydrochloride
Dalamycin Solution 30ml,Clindamycin
VERSAL SOLU.,Salicylic Acid + Lactic Acid
DOVAKEN-200 CTD TAB.,Sodium Valproate
VERMOXINE SUSP.,Mebendazole
MINOXIDINE 2 % SOLU.,Minoxidil
RHINOL-250 SYRUP,Carbocisteine
RHINOL-100 SYRUP,Carbocisteine
ZADITOFIN SYRUP,Ketotifen
STEROVIT DROPS,Ergocalciferol
KENAZOL CREAM,Ketoconazole
LACTOLAC SYRUP,Lactulose
ERYTHRO-GEL GEL,Erythromycin
HYDROPAQUE,undefined
LIDOCAIN DOMINA GEL 2%,Lidocaine
DOLO-PROFEN GEL,undefined
HYDROQUINON-2 % CREAM,Hydroquinone
RETINOIDE-0.05 % CREAM,Tretinoin
DOMIVAT CREAM,Clobetasol Propionate
BENOXIDE-10 % GEL,Benzoyl Peroxide
PANTHENOL PASTE,Dexpanthenol
Domi Proct Ointment 30g,Triamcinolone Acetonide + Lidocaine Hydrochloride
AZELEC CREAM,Azelaic Acid
RETINOID 0.025 % CREAM,Tretinoin
CANDI-MAZOL CREAM,Clotrimazole
VITA PANTHENOL CREAM,Dexpanthenol
MOTASONE CREAM,Mometasone Furoate
MOTASONE OINT.,Mometasone Furoate
CANDI CORT,Clotrimazole + Hydrocortisone
NOFAT CTD TAB.,Gemfibrozil
Super 5,Yohimbine Hydrochloride + Vitamin E
NEODOL CTD TAB.,Tramadol Hydrochloride
DUSPAPHEN CTD TAB.,Mebeverine Hydrochloride
VALPRON-500 CTD TAB.,Sodium Valproate
Ondal 8mg,Ondansetron
SELAGEL TAB.,Selegiline Hydrochloride
ONDAL-4 TAB.,Ondansetron
DOPAL-M CTD TAB.,Levodopa + Carbidopa
VITA-3 CTD TAB.,Thiamine + Pyridoxine + Cyanocobalamin
DOPAL FORT CTD TAB.,Levodopa + Carbidopa
HEPAVIT CTD TAB.,Thiamine + Riboflavin + Pyridoxine + Nicotinamide + Calcium Pantothenate + Ascorbic Acid
CINNARINE-75 CTD TAB.,Cinnarizine
HAYALEPSIN TAB.,Carbamazepine
Pyrol D Children Suppositories,Paracetamol + Salicylamide + Diphenhydramine Hydrochloride
MESALAZINE-500 SUPP.,Mesalazine
COLCHICINE IBN HAYYAN -0.5 TAB.,Colchicine
Amoxam 500mg,Amoxicillin
HAYADOL-5 CTD TAB.,Haloperidol
CAPTOPHEN-25 TAB.,Captopril
ERGOLIN CTD TAB.,Ergotamine Tartrate + Caffeine
ISONITRA-20 CTD TAB.,Isosorbide Dinitrate
CORDAN TAB.,Amiodarone Hydrochloride
DICLON-100 S.R.CTD TAB.,Diclofenac Sodium
TROXIVEN CAP.,Troxerutin
HAYAPOXIDE CTD TAB.,Amitriptyline Hydrochloride + Chlordiazepoxide
DIAGOXINE-0.25 TAB.,Digoxin
HYDRODOPA CTD TAB.,Methyldopa
VALPRON-200 CTD TAB.,Sodium Valproate
HAYAPHON CAP.,Chlorzoxazone + Paracetamol
HAYANIL CTD TAB.,Dexamethasone + Dexchlorpheniramine Maleate + Ascorbic Acid
KIROL-25 CTD TAB.,Carvedilol
Kirol 12.5 Tablet,Carvedilol
KIROL-6.25 CTD TAB.,Carvedilol
KIROL-3.125 CTD TAB.,Carvedilol
EPITON TAB.,Phenytoin
AMARAX-1 TAB.,Glimepiride
AMARAX-2 TAB.,Glimepiride
AMARAX-4 TAB.,Glimepiride
TRYPTOPHEN-10 CTD TAB.,Amitriptyline Hydrochloride
TRYPTOPHEN-50 CTD TAB.,Amitriptyline Hydrochloride
TRYPTOPHEN-25 CTD TAB.,Amitriptyline Hydrochloride
THIORIL-10 CTD TAB.,Thioridazine
THIORIL-25 CTD TAB.,Thioridazine
THIORIL-100 CTD TAB.,Thioridazine
FUCINE EYE OINT.,Fusidic Acid
GLYPROCT CREAM,Tribenoside + Lidocaine Hydrochloride
NYSTAGRAM CREAM,Neomycin + Triamcinolone Acetonide + Gramicidin + Nystatin
Dermotan Cream 20g,undefined
DICLON CREAM,Diclofenac
Poly Mycin Eye Ointment 5g,undefined
POLYCORT EYE OINT,Oxytetracycline + Hydrocortisone + Polymyxin B Sulfate
Fucine Cream 20g,Fusidic Acid
FUCINE OINT.,Fusidic Acid
NYSTAGRAM OINT.,Neomycin + Triamcinolone Acetonide + Gramicidin + Nystatin
NYSTAGRAM CREAM,Neomycin + Triamcinolone Acetonide + Gramicidin + Nystatin
POLYSAN GEL,undefined
Hadi Cream 40g,undefined
GLYPROCT SUPP.,Tribenoside + Lidocaine Hydrochloride
HISTALE AMP.,Cimetidine
Diclofenac Gel 40g,Diclofenac
DICLON AMP.,Diclofenac Sodium
NEOMIXIN EYE OINT.,Neomycin + Polymyxin B + Bacitracin
SALBON AMP.,Salbutamol
KETONID AMP.,Ketoprofen
VITA-3 AMP.,Thiamine + Pyridoxine + Cyanocobalamin
Ergometrine 0.2mg/2ml Amp,Ergometrine
PREDNISOL AMP.,Prednisolone
ONDAL-4 AMP.,Ondansetron
BROMHEXAN AMP.,Bromhexine
